{
    "metrics": {
        "accuracy": 0.9886882317920223,
        "precision": 0.9886915446443423,
        "recall": 0.9886882317920223,
        "f1score": 0.9886889114163677
    }
}