{
    "metrics": {
        "accuracy": 0.32565985314546536,
        "precision": 0.19192263959357728,
        "recall": 0.32565985314546536,
        "f1score": 0.24151318679492811
    }
}