{
    "metrics": {
        "accuracy": 0.927168088906529,
        "precision": 0.92791892863873,
        "recall": 0.927168088906529,
        "f1score": 0.9270209362047932
    }
}