{
    "metrics": {
        "accuracy": 0.9640801746378249,
        "precision": 0.9655525332396989,
        "recall": 0.9640801746378249,
        "f1score": 0.9639845656237122
    }
}