{
    "metrics": {
        "accuracy": 0.894621948799365,
        "precision": 0.8959119729092998,
        "recall": 0.894621948799365,
        "f1score": 0.8942944696344398
    }
}