{
    "metrics": {
        "accuracy": 0.9230005953562215,
        "precision": 0.9311116668544217,
        "recall": 0.9230005953562215,
        "f1score": 0.9222699599484984
    }
}