{
    "metrics": {
        "accuracy": 0.9928557253423298,
        "precision": 0.9928574842560335,
        "recall": 0.9928557253423298,
        "f1score": 0.9928551914770333
    }
}